level_id,level_asset,scene_name,scene_path,status,blocking_errors,warnings,player_combat_count,stamina_system_count,skill_manager_count,attack_damage,tier1_multiplier,tier2_multiplier,tier3_multiplier,berserk_multiplier,combo_window,combo_reset,berserk_threshold,max_stamina,heavy_attack_cost,dodge_cost,heavy_cost_percent,recovery_rate,exhaustion_duration,skill_count,average_skill_damage,max_skill_damage,min_skill_cooldown,max_skill_cooldown,max_skill_stamina_cost,note
LEVEL_02,Assets/GameDesign/Data/LevelData_Level02.asset,Level_02_WreckedStation,Assets/Scenes/Level_02_WreckedStation.unity,Ok,0,0,1,1,0,25,1.08,1.18,1.32,1.75,0.8,1.5,50,100,22,17,0.22,14,2.25,6,56,100,10,26,45,
LEVEL_03,Assets/GameDesign/Data/LevelData_Level03.asset,Level_03_ThermalVents,Assets/Scenes/Level_03_ThermalVents.unity,Ok,0,0,1,1,0,25,1.08,1.18,1.32,1.75,0.8,1.5,50,100,22,17,0.22,14,2.25,6,56,100,10,26,45,
LEVEL_04,Assets/GameDesign/Data/LevelData_Level04.asset,Level_04_CoralGrove,Assets/Scenes/Level_04_CoralGrove.unity,Ok,0,0,1,1,0,25,1.08,1.18,1.32,1.75,0.8,1.5,50,100,22,17,0.22,14,2.25,6,56,100,10,26,45,
LEVEL_05,Assets/GameDesign/Data/LevelData_Level05.asset,Level_05_SunkenCity,Assets/Scenes/Level_05_SunkenCity.unity,Ok,0,0,1,1,0,25,1.08,1.18,1.32,1.75,0.8,1.5,50,100,22,17,0.22,14,2.25,6,56,100,10,26,45,
LEVEL_06,Assets/GameDesign/Data/LevelData_Level06.asset,Level_06_BlackTidePipes,Assets/Scenes/Level_06_BlackTidePipes.unity,Ok,0,0,1,1,0,25,1.08,1.18,1.32,1.75,0.8,1.5,50,100,22,17,0.22,14,2.25,6,56,100,10,26,45,
LEVEL_07,Assets/GameDesign/Data/LevelData_Level07.asset,Level_07_AbyssHangar,Assets/Scenes/Level_07_AbyssHangar.unity,Ok,0,0,1,1,0,25,1.08,1.18,1.32,1.75,0.8,1.5,50,100,22,17,0.22,14,2.25,6,56,100,10,26,45,
LEVEL_08,Assets/GameDesign/Data/LevelData_Level08.asset,Level_08_MoltenRift,Assets/Scenes/Level_08_MoltenRift.unity,Ok,0,0,1,1,0,25,1.08,1.18,1.32,1.75,0.8,1.5,50,100,22,17,0.22,14,2.25,6,56,100,10,26,45,
LEVEL_09,Assets/GameDesign/Data/LevelData_Level09.asset,Level_09_StillTideSanctum,Assets/Scenes/Level_09_StillTideSanctum.unity,Ok,0,0,1,1,0,25,1.08,1.18,1.32,1.75,0.8,1.5,50,100,22,17,0.22,14,2.25,6,56,100,10,26,45,
LEVEL_10,Assets/GameDesign/Data/LevelData_Level10.asset,Level_10_HiveCore,Assets/Scenes/Level_10_HiveCore.unity,Ok,0,0,1,1,0,25,1.08,1.18,1.32,1.75,0.8,1.5,50,100,22,17,0.22,14,2.25,6,56,100,10,26,45,
