level_index,level_id,scene_path,status,total_waves,peak_window,target_peak_spawn,before_peak_spawn,desired_delta,applied_delta,after_peak_spawn,changed,note
2,LEVEL_02,Assets/Scenes/Level_02_WreckedStation.unity,Ok,14,10-13,66,66,0,0,66,0,Peak spawn matches target.
3,LEVEL_03,Assets/Scenes/Level_03_ThermalVents.unity,Ok,14,10-13,70,70,0,0,70,0,Peak spawn matches target.
4,LEVEL_04,Assets/Scenes/Level_04_CoralGrove.unity,Ok,14,10-13,74,74,0,0,74,0,Peak spawn matches target.
5,LEVEL_05,Assets/Scenes/Level_05_SunkenCity.unity,Ok,14,10-13,80,80,0,0,80,0,Peak spawn matches target.
6,LEVEL_06,Assets/Scenes/Level_06_BlackTidePipes.unity,Ok,14,10-13,86,86,0,0,86,0,Peak spawn matches target.
7,LEVEL_07,Assets/Scenes/Level_07_AbyssHangar.unity,Ok,14,10-13,92,92,0,0,92,0,Peak spawn matches target.
8,LEVEL_08,Assets/Scenes/Level_08_MoltenRift.unity,Ok,14,10-13,100,100,0,0,100,0,Peak spawn matches target.
9,LEVEL_09,Assets/Scenes/Level_09_StillTideSanctum.unity,Ok,14,10-13,108,108,0,0,108,0,Peak spawn matches target.
10,LEVEL_10,Assets/Scenes/Level_10_HiveCore.unity,Ok,14,10-13,116,116,0,0,116,0,Peak spawn matches target.
