level_id,scene_name,scene_path,status,created,updated,saved,note
LEVEL_02,Level_02_WreckedStation,Assets/Scenes/Level_02_WreckedStation.unity,Ok,0,0,0,
LEVEL_03,Level_03_ThermalVents,Assets/Scenes/Level_03_ThermalVents.unity,Ok,0,0,0,
LEVEL_04,Level_04_CoralGrove,Assets/Scenes/Level_04_CoralGrove.unity,Ok,0,0,0,
LEVEL_05,Level_05_SunkenCity,Assets/Scenes/Level_05_SunkenCity.unity,Ok,0,0,0,
LEVEL_06,Level_06_BlackTidePipes,Assets/Scenes/Level_06_BlackTidePipes.unity,Ok,0,0,0,
LEVEL_07,Level_07_AbyssHangar,Assets/Scenes/Level_07_AbyssHangar.unity,Ok,0,0,0,
LEVEL_08,Level_08_MoltenRift,Assets/Scenes/Level_08_MoltenRift.unity,Ok,0,0,0,
LEVEL_09,Level_09_StillTideSanctum,Assets/Scenes/Level_09_StillTideSanctum.unity,Ok,0,0,0,
LEVEL_10,Level_10_HiveCore,Assets/Scenes/Level_10_HiveCore.unity,Ok,0,0,0,
