level_index,level_id,recommended_power,level_asset,scene_name,scene_path,status,blocking_errors,warnings,strongholds,waves,base_spawn,total_events,chase_events,hold_events,protect_events,reinforcement_events,opening_waves,opening_base_spawn,teaching_waves,teaching_event_waves,teaching_chase_hold_events,peak_waves,peak_base_spawn,peak_event_waves,target_opening_spawn,target_teaching_event_waves,target_peak_spawn,target_peak_event_waves,opening_ready,teaching_ready,peak_ready,boss_gate_expected,boss_gate_ready,settlement_ready,note
2,LEVEL_02,140,Assets/GameDesign/Data/LevelData_Level02.asset,Level_02_WreckedStation,Assets/Scenes/Level_02_WreckedStation.unity,Ok,0,0,3,14,264,10,3,1,1,5,4,62,6,4,2,4,66,3,18,1,26,1,1,1,1,0,1,1,
3,LEVEL_03,160,Assets/GameDesign/Data/LevelData_Level03.asset,Level_03_ThermalVents,Assets/Scenes/Level_03_ThermalVents.unity,Ok,0,0,3,14,272,10,3,1,1,5,4,62,6,4,2,4,70,3,18,1,26,1,1,1,1,1,1,1,
4,LEVEL_04,180,Assets/GameDesign/Data/LevelData_Level04.asset,Level_04_CoralGrove,Assets/Scenes/Level_04_CoralGrove.unity,Ok,0,0,3,14,280,10,3,1,1,5,4,62,6,4,2,4,74,3,18,1,26,1,1,1,1,1,1,1,
5,LEVEL_05,200,Assets/GameDesign/Data/LevelData_Level05.asset,Level_05_SunkenCity,Assets/Scenes/Level_05_SunkenCity.unity,Ok,0,0,3,14,292,11,4,1,1,5,4,62,6,5,3,4,80,3,24,2,34,2,1,1,1,1,1,1,
6,LEVEL_06,220,Assets/GameDesign/Data/LevelData_Level06.asset,Level_06_BlackTidePipes,Assets/Scenes/Level_06_BlackTidePipes.unity,Ok,0,0,3,14,304,11,3,1,2,5,4,62,6,5,2,4,86,3,24,2,34,2,1,1,1,1,1,1,
7,LEVEL_07,240,Assets/GameDesign/Data/LevelData_Level07.asset,Level_07_AbyssHangar,Assets/Scenes/Level_07_AbyssHangar.unity,Ok,0,0,3,14,316,11,3,1,2,5,4,62,6,5,2,4,92,3,24,2,34,2,1,1,1,1,1,1,
8,LEVEL_08,260,Assets/GameDesign/Data/LevelData_Level08.asset,Level_08_MoltenRift,Assets/Scenes/Level_08_MoltenRift.unity,Ok,0,0,3,14,332,13,3,2,2,6,4,62,6,5,2,4,100,4,28,2,42,2,1,1,1,1,1,1,
9,LEVEL_09,280,Assets/GameDesign/Data/LevelData_Level09.asset,Level_09_StillTideSanctum,Assets/Scenes/Level_09_StillTideSanctum.unity,Ok,0,0,3,14,348,13,3,2,2,6,4,62,6,5,2,4,108,4,28,2,42,2,1,1,1,1,1,1,
10,LEVEL_10,300,Assets/GameDesign/Data/LevelData_Level10.asset,Level_10_HiveCore,Assets/Scenes/Level_10_HiveCore.unity,Ok,0,0,3,14,364,13,3,2,2,6,4,62,6,5,2,4,116,4,28,2,42,2,1,1,1,1,1,1,
