level_id,level_asset,scene_name,scene_path,status,fixed,blocking_errors,gaps,strongholds,waves,groups,base_spawn,wave_event_coverage,total_events,reinforcement_events,chase_events,hold_events,protect_events,unique_event_types,target_min_waves,target_min_spawn,target_min_event_coverage,target_min_unique_types,target_min_chase,target_min_hold,target_min_protect,completion_ready,note
LEVEL_02,Assets/GameDesign/Data/LevelData_Level02.asset,Level_02_WreckedStation,Assets/Scenes/Level_02_WreckedStation.unity,Ok,0,0,0,2,9,9,184,0.778,7,3,2,1,1,4,8,63,0.670,2,1,0,0,1,
LEVEL_03,Assets/GameDesign/Data/LevelData_Level03.asset,Level_03_ThermalVents,Assets/Scenes/Level_03_ThermalVents.unity,Ok,0,0,0,2,9,9,184,0.778,7,3,2,1,1,4,8,63,0.670,2,1,0,0,1,
LEVEL_04,Assets/GameDesign/Data/LevelData_Level04.asset,Level_04_CoralGrove,Assets/Scenes/Level_04_CoralGrove.unity,Ok,0,0,0,2,9,9,184,0.778,7,3,2,1,1,4,8,63,0.670,2,1,1,0,1,
LEVEL_05,Assets/GameDesign/Data/LevelData_Level05.asset,Level_05_SunkenCity,Assets/Scenes/Level_05_SunkenCity.unity,Ok,0,0,0,2,9,9,184,0.889,8,3,3,1,1,4,8,72,0.780,3,1,1,0,1,
LEVEL_06,Assets/GameDesign/Data/LevelData_Level06.asset,Level_06_BlackTidePipes,Assets/Scenes/Level_06_BlackTidePipes.unity,Ok,0,0,0,2,9,9,184,0.889,8,3,2,1,2,4,8,72,0.780,3,1,1,1,1,
LEVEL_07,Assets/GameDesign/Data/LevelData_Level07.asset,Level_07_AbyssHangar,Assets/Scenes/Level_07_AbyssHangar.unity,Ok,0,0,0,2,9,9,184,0.889,8,3,2,1,2,4,8,72,0.780,3,1,1,1,1,
LEVEL_08,Assets/GameDesign/Data/LevelData_Level08.asset,Level_08_MoltenRift,Assets/Scenes/Level_08_MoltenRift.unity,Ok,0,0,0,2,9,9,184,1.000,9,4,2,1,2,4,8,81,0.890,3,1,1,1,1,
LEVEL_09,Assets/GameDesign/Data/LevelData_Level09.asset,Level_09_StillTideSanctum,Assets/Scenes/Level_09_StillTideSanctum.unity,Ok,0,0,0,2,9,9,184,1.000,9,4,2,1,2,4,8,81,0.890,3,1,1,1,1,
LEVEL_10,Assets/GameDesign/Data/LevelData_Level10.asset,Level_10_HiveCore,Assets/Scenes/Level_10_HiveCore.unity,Ok,0,0,0,2,9,9,184,1.000,9,4,2,1,2,4,8,81,0.890,3,1,1,1,1,
