level_index,level_id,level_asset,status,has_data,blocking_errors,warnings,recommended_level,expected_recommended_level,recommended_level_delta,recommended_power,recommended_power_delta,base_exp,base_exp_delta,base_credits,base_credits_delta,level_reward_multiplier,level_reward_multiplier_delta,quest_reward_multiplier,quest_reward_multiplier_delta,drop_chance_multiplier,drop_chance_multiplier_delta,boss_override,note
2,LEVEL_02,Assets/GameDesign/Data/LevelData_Level02.asset,Ok,1,0,0,2,2,0,140,0,380,0,60,0,1,0,0.95,0,0.95,0,0,
3,LEVEL_03,Assets/GameDesign/Data/LevelData_Level03.asset,Ok,1,0,0,3,3,1,160,20,420,40,70,10,1.05,0.05,1,0.05,1,0.05,1,
4,LEVEL_04,Assets/GameDesign/Data/LevelData_Level04.asset,Ok,1,0,0,4,4,1,180,20,450,30,80,10,1.1,0.05,1.05,0.05,1.02,0.02,1,
5,LEVEL_05,Assets/GameDesign/Data/LevelData_Level05.asset,Ok,1,0,0,5,5,1,200,20,480,30,90,10,1.12,0.02,1.08,0.03,1.05,0.03,1,
6,LEVEL_06,Assets/GameDesign/Data/LevelData_Level06.asset,Ok,1,0,0,6,6,1,220,20,510,30,100,10,1.15,0.03,1.1,0.02,1.08,0.03,1,
7,LEVEL_07,Assets/GameDesign/Data/LevelData_Level07.asset,Ok,1,0,0,7,7,1,240,20,540,30,110,10,1.18,0.03,1.12,0.02,1.1,0.02,1,
8,LEVEL_08,Assets/GameDesign/Data/LevelData_Level08.asset,Ok,1,0,0,8,8,1,260,20,570,30,120,10,1.22,0.04,1.15,0.03,1.12,0.02,1,
9,LEVEL_09,Assets/GameDesign/Data/LevelData_Level09.asset,Ok,1,0,0,9,9,1,280,20,600,30,130,10,1.26,0.04,1.18,0.03,1.15,0.03,1,
10,LEVEL_10,Assets/GameDesign/Data/LevelData_Level10.asset,Ok,1,0,0,10,10,1,300,20,650,50,150,20,1.3,0.04,1.2,0.02,1.2,0.05,1,
