level_index,level_id,level_asset,scene_name,scene_path,status,blocking_errors,warnings,required_quests,resolved_required_quests,missing_required_quests,required_stage_count,required_beat_objectives,required_event_objectives,required_boss_objectives,quest_configs,strongholds,override_waves,override_events,event_type_count,event_types,next_level_id,next_level_index,note
2,LEVEL_02,Assets/GameDesign/Data/LevelData_Level02.asset,Level_02_WreckedStation,Assets/Scenes/Level_02_WreckedStation.unity,Ok,0,0,1,1,0,3,1,1,0,2,3,15,15,4,Chase|HoldPoint|ProtectTarget|Reinforcement,LEVEL_03,3,
3,LEVEL_03,Assets/GameDesign/Data/LevelData_Level03.asset,Level_03_ThermalVents,Assets/Scenes/Level_03_ThermalVents.unity,Ok,0,0,1,1,0,3,1,1,1,2,3,12,12,4,Chase|HoldPoint|ProtectTarget|Reinforcement,LEVEL_04,4,
4,LEVEL_04,Assets/GameDesign/Data/LevelData_Level04.asset,Level_04_CoralGrove,Assets/Scenes/Level_04_CoralGrove.unity,Ok,0,0,1,1,0,3,1,1,1,2,3,15,15,4,Chase|HoldPoint|ProtectTarget|Reinforcement,LEVEL_05,5,
5,LEVEL_05,Assets/GameDesign/Data/LevelData_Level05.asset,Level_05_SunkenCity,Assets/Scenes/Level_05_SunkenCity.unity,Ok,0,0,1,1,0,4,1,1,1,2,3,14,14,4,Chase|HoldPoint|ProtectTarget|Reinforcement,LEVEL_06,6,
6,LEVEL_06,Assets/GameDesign/Data/LevelData_Level06.asset,Level_06_BlackTidePipes,Assets/Scenes/Level_06_BlackTidePipes.unity,Ok,0,0,1,1,0,4,1,1,1,2,3,14,14,4,Chase|HoldPoint|ProtectTarget|Reinforcement,LEVEL_07,7,
7,LEVEL_07,Assets/GameDesign/Data/LevelData_Level07.asset,Level_07_AbyssHangar,Assets/Scenes/Level_07_AbyssHangar.unity,Ok,0,0,1,1,0,4,1,1,1,2,3,14,14,4,Chase|HoldPoint|ProtectTarget|Reinforcement,LEVEL_08,8,
8,LEVEL_08,Assets/GameDesign/Data/LevelData_Level08.asset,Level_08_MoltenRift,Assets/Scenes/Level_08_MoltenRift.unity,Ok,0,0,1,1,0,3,1,1,1,2,3,14,14,4,Chase|HoldPoint|ProtectTarget|Reinforcement,LEVEL_09,9,
9,LEVEL_09,Assets/GameDesign/Data/LevelData_Level09.asset,Level_09_StillTideSanctum,Assets/Scenes/Level_09_StillTideSanctum.unity,Ok,0,0,1,1,0,3,1,1,1,2,3,14,14,4,Chase|HoldPoint|ProtectTarget|Reinforcement,LEVEL_10,10,
10,LEVEL_10,Assets/GameDesign/Data/LevelData_Level10.asset,Level_10_HiveCore,Assets/Scenes/Level_10_HiveCore.unity,Ok,0,0,1,1,0,4,1,1,1,2,3,14,14,4,Chase|HoldPoint|ProtectTarget|Reinforcement,,0,
