level_id,level_asset,scene_name,scene_path,status,blocking_errors,warnings,stronghold_count,total_waves,waves_with_events,event_coverage,unique_event_types,rotation_chains,rotation_breaks,rotation_break_rate,longest_same_type_streak,reinforcement_events,chase_events,hold_events,protect_events,note
LEVEL_02,Assets/GameDesign/Data/LevelData_Level02.asset,Level_02_WreckedStation,Assets/Scenes/Level_02_WreckedStation.unity,Ok,0,0,3,14,14,1,4,11,11,1,1,5,3,3,3,
LEVEL_03,Assets/GameDesign/Data/LevelData_Level03.asset,Level_03_ThermalVents,Assets/Scenes/Level_03_ThermalVents.unity,Ok,0,0,3,14,14,1,4,11,11,1,1,4,4,3,3,
LEVEL_04,Assets/GameDesign/Data/LevelData_Level04.asset,Level_04_CoralGrove,Assets/Scenes/Level_04_CoralGrove.unity,Ok,0,0,3,14,14,1,4,11,11,1,1,5,3,3,3,
LEVEL_05,Assets/GameDesign/Data/LevelData_Level05.asset,Level_05_SunkenCity,Assets/Scenes/Level_05_SunkenCity.unity,Ok,0,0,3,14,14,1,4,11,11,1,1,5,3,3,3,
LEVEL_06,Assets/GameDesign/Data/LevelData_Level06.asset,Level_06_BlackTidePipes,Assets/Scenes/Level_06_BlackTidePipes.unity,Ok,0,0,3,14,14,1,4,11,11,1,1,5,3,3,3,
LEVEL_07,Assets/GameDesign/Data/LevelData_Level07.asset,Level_07_AbyssHangar,Assets/Scenes/Level_07_AbyssHangar.unity,Ok,0,0,3,14,14,1,4,11,10,0.909,2,3,6,2,3,
LEVEL_08,Assets/GameDesign/Data/LevelData_Level08.asset,Level_08_MoltenRift,Assets/Scenes/Level_08_MoltenRift.unity,Ok,0,0,3,14,14,1,4,11,10,0.909,2,4,3,4,3,
LEVEL_09,Assets/GameDesign/Data/LevelData_Level09.asset,Level_09_StillTideSanctum,Assets/Scenes/Level_09_StillTideSanctum.unity,Ok,0,0,3,14,14,1,4,11,11,1,1,3,5,3,3,
LEVEL_10,Assets/GameDesign/Data/LevelData_Level10.asset,Level_10_HiveCore,Assets/Scenes/Level_10_HiveCore.unity,Ok,0,0,3,14,14,1,4,11,11,1,1,5,3,3,3,
